username,comment
apogianeli,Emocionante! Vi ontem o documentÃ¡rio! Ansiosa pra conhecer os outros S pelo Brasil! â¤ï¸
tour.cwb.gtgtigts,â¤ï¸â¤ï¸â¤ï¸â¤ï¸â¤ï¸â¤ï¸â¤ï¸
maahrabelo,ğŸ˜ğŸ˜ğŸ˜ğŸ˜
joaopaulo_beltrao,ğŸ‘ğŸ‘ğŸ‘ğŸ‘â­•ï¸â­•ï¸â­•ï¸â­•ï¸
alexqueiroz_perez,"ğŸ‘ğŸ»ğŸ‘ğŸ»ğŸ‘ğŸ»ğŸ‘ğŸ»
OOOO â¤ï¸"
abner_riibeiro,e vem ele? ğŸ‡§ğŸ‡·ğŸ‡§ğŸ‡·ğŸ‡§ğŸ‡·ğŸ‡§ğŸ‡·
cris_kuchiki,Emocionada!! â¤ï¸
flaviogn,ğŸ˜®ğŸ‘ğŸ‘ğŸ‘
frgustavo,ğŸ‘ğŸ‘
brunodecastrooficial,ğŸ‘ğŸ‘ğŸ‘ğŸ‡§ğŸ‡·
marcelocampana,ğŸ˜ğŸ˜
marinabotequio,ansiosaaaa
gerold_pillekamp,CoraÃ§Ã£o batendo forte por esse momento â­•ï¸â­•ï¸â­•ï¸â­•ï¸
ferrazluiza,Ansiosa pra assistir!
rodrigogab__,Olha o @neidovale ğŸ”¥
_shock.s,ğŸ”¥ğŸ”¥ğŸ”¥ğŸ”¥
danielcarvalhomanaus,@neidovale ğŸ‘ğŸ‘ğŸ‘ğŸ‘
danimischiatti,uauu ğŸ”¥
rodrigocosta1508,@neidovale ğŸğŸğŸ‡§ğŸ‡·ğŸ‡§ğŸ‡·ğŸ‡§ğŸ‡·ğŸ‡§ğŸ‡·
igor_matos.s,ğŸ‘ğŸ‘ğŸ‘ğŸ‘ğŸ‘ğŸ‘
giuploetterle,obaaaa ğŸ˜ğŸ˜ğŸ‰
vyvyanmonteiro,ğŸ‘ğŸ‘ğŸ‘
julyo.09,O Senna tinha uma audi
padoquedazoeira,ğŸ’šğŸ’›ğŸ’šğŸ’›ğŸ’šğŸ’›ğŸ’šğŸ’›
giovannimamede,ANSIOSO
doca,ğŸ‘ğŸ‘ğŸ‘ğŸ”¥
vicctoriacarolina,TÃ¡ chegando! ğŸ¥¹
okstudiodsgn,Ansiosa demaaaaais
brunnapaola,â¤ï¸
mirandamotogrife,Urubici acontece. Ã‰ uma honra nossa cidade receber tamanha homenagem.
idtbwa,Projeto incrÃ­vel que nos enche de orgulho! ğŸ’›
chrysgarage,Sensacional!
audi_s3_imola,ğŸ‘ğŸ‘ğŸ‘ğŸ‘
thiagosantirocco,Que coisa mais incrÃ­vel!!!
fernandazirneti,ğŸ¥¹ğŸ¥¹ğŸ¥¹
tuliobelo,ğŸ™ŒğŸ™ŒğŸ™Œ
tati_ferri,IncrÃ­vel
thamiresoliveiralima1,ğŸ‘ğŸ‘ğŸ‘ğŸ‘ğŸ‘
castigarraga,
nicktebet,legado gigateâœ¨
guga_diehl,ğŸ‘€
cristianepaggi,ğŸ‘ğŸ‘ğŸ‘
fernanda.maynart,ğŸ”¥ğŸ”¥ğŸ”¥
depacheco,NÃ£o posso perder!! Ansiosa demais!!
vibrait,ğŸ‘ğŸ‘
thadrummond,ğŸ‘ğŸ‘
mm_marcoss,ğŸ‘ğŸ‘ğŸ‘
felipe_audisantos,ğŸ–¤
fnscedu,"audi, homenageia os fÃ£s do Senna e contrata o Bortoleto pra 2025 ğŸ‘ğŸ»"
whiskybruto,ViÃºvas
antonio.rehling,Mas ele nÃ£o gostou quando viu o que fizeram da sugestÃ£o que ele deu
terra_luni,VocÃªs podem vir experimentar Urubici e se hospedarem com a gente! @terra_luni
am.moreira,ğŸ˜¢
matt_marques17,AUDI TRAGA O @gabrielbortoleto_ PARA A F1 !! PFVR ğŸ™ğŸ™Œ
