username,text,date
savethewagons,Sonho! ğŸ™Œ,2024-09-11 12:43:46
oliveirarodrigo620,ğŸ˜,2024-09-10 13:46:18
natalia_do_rosario_,ğŸ˜ğŸ˜ğŸ˜,2024-09-17 12:12:18
raphaelsantos_061,ğŸ˜ğŸ”¥ lindo de mais,2024-09-09 23:09:10
gabrielsb89,ğŸ˜ğŸ˜ğŸ˜ğŸ˜ A minha vai ser Nogaro ğŸ’™.,2024-09-09 21:16:47
collectormgt,ğŸ‘ğŸ˜,2024-09-11 11:11:25
passatb5wagon,preciso urgentemente de uma,2024-09-11 03:17:51
murilo.m.bueno,Tenho a miniatura hotwheels dela vermelha na caixa.,2024-09-10 02:43:52
_j_edu_,,2024-09-09 23:17:18
roderleicorrea,Tive o enorme prazer de ter sido dono de uma RS2 azul e foi o carro mais incrivel que dirigi!!!,2024-09-10 01:46:06
victoriveros_,ğŸ”¥ğŸ”¥ğŸ”¥ğŸ”¥,2024-09-09 21:47:17
zac_garagem,Ã‰poca de ouro da Audi ğŸ‘,2024-09-10 22:09:13
luiscarlossp,â¤ï¸ a perfeiÃ§Ã£o!!!!!,2024-09-13 13:04:10
jst89coupe,M5 touring was faster...,2024-09-11 14:24:51
dario_netto_,"Estou com muitos problemas junto a Ã¡rea de qualidade da empresa. Tive um serviÃ§o â€œcortesiaâ€ cobrado e nÃ£o executado! Protocolo desde 4/9 sem soluÃ§Ã£o! Se nÃ£o fizeram um item de higienizaÃ§Ã£o interna, que fica na cara do consumidor, serÃ¡ que foram executados os outros itens?",2024-09-10 19:20:18
tolarings,Temos o produto,2024-09-11 03:01:09
studio_renovatio,ğŸ‘ğŸ‘ğŸ‘ğŸ‘,2024-09-22 12:31:32
martinss.sk7,"Meta, quero ter uma dessa como primeiro carro, nave demais! ğŸ‘",2024-09-13 11:51:47
gabriel_silva_racing,NÃ£o resta dÃºvida alguma sobre a avanÃ§ada tecnologia inerente e desing fascinante. #Audibr,2024-09-21 00:15:38
artucox7,"Primeiro carro propriamente esportivo a ser vendido, pq nos anos 80 jÃ¡ tinha o Audi Quattro ğŸ‘",2024-09-20 11:18:45
wiidnight_,Agora eu tava pensando... Imagina uma perua da Lamborghini? SerÃ¡ que ia ser legal?,2024-09-18 23:14:52
passatb5wagon,"e uma RS4 tambÃ©m, por gentileza, @audibr",2024-09-11 03:18:49
